OBJECTID,OBJECTID_12_13,DEPCODE,COUNTY,COUNTYNAME,County_1,State,PUIsTotal,Age_0_4,Age_5_14,Age_15_24,Age_25_34,Age_35_44,Age_45_54,Age_55_64,Age_65_74,Age_75_84,Age_85plus,Age_Unkn,PUIAgeRange,PUIAgeMedian,PUIFemale,PUIMale,PUISexUnkn,PUIFLRes,PUINotFLRes,PUIFLResOut,PUIContNo,PUIContUnkn,PUIAgeAvrg,PUITravelNo,PUITravelYes,TPositive,TNegative,TInconc,TPending,T_Total_Res,T_LabPrivate_Res,T_LabDOH_Res,T_LabPrivate_NonRes,T_LabDOH_NonRes,C_Female,C_Male,C_SexUnkn,C_AllResTypes,C_Age_0_4,C_Age_5_14,C_Age_15_24,C_Age_25_34,C_Age_35_44,C_Age_45_54,C_Age_55_64,C_Age_65_74,C_Age_75_84,C_Age_85plus,C_Age_Unkn,C_AgeRange,C_AgeMedian,C_RaceWhite,C_RaceBlack,C_RaceOther,C_RaceUnknown,C_HispanicYES,C_HispanicNO,C_HispanicUnk,C_EDYes_Res,C_EDYes_NonRes,C_HospYes_Res,C_HospYes_NonRes,C_NonResDeaths,C_FLResDeaths,CasesAll,C_Men,C_Women,C_FLRes,C_NotFLRes,C_FLResOut,T_NegRes,T_NegNotFLRes,T_total,T_negative,T_positive,Deaths,EverMon,MonNow,MedianAge,SHAPE_Length,SHAPE_Area
1,1,21,041,GILCHRIST,Gilchrist,FL,1036,28,34,121,137,142,149,151,117,95,62,0,0 to 118,49,586,443,7,1036,0,0,46,737,2,314,8,308,725,0,3,1033,276,32,0,0,150,158,0,308,10,13,43,46,41,43,41,21,26,24,0,0 to 100,45,235,18,22,33,43,220,45,20,0,6,0,0,0,308,158,150,308,0,0,2972,0,3286,2972,308,0,451,434,,148547.347587998,920490830.171041
2,2,54,107,PUTNAM,Putnam,FL,4302,94,188,494,648,557,649,683,478,327,172,12,0 to 118,47,2588,1654,60,4294,8,0,197,3728,133,828,22,1169,3130,1,2,4291,674,495,0,0,601,543,25,1169,24,95,219,196,171,158,135,81,60,29,1,0 to 100,37,543,314,139,173,216,744,209,218,0,131,0,0,13,1169,543,601,1169,0,0,9664,8,10851,9672,1169,13,258,189,,232574.926295813,2142439482.03275
3,3,62,123,TAYLOR,Taylor,FL,1224,39,47,136,192,170,168,194,159,86,28,5,0 to 118,46,697,504,23,1215,9,0,42,811,3,471,29,266,953,0,5,1210,227,36,3,0,148,115,0,263,0,12,45,59,45,38,33,13,15,5,1,5 to 91,38,133,90,25,15,29,206,28,46,0,13,0,0,3,266,115,151,263,3,0,2430,6,2704,2436,266,3,624,524,,267348.178428562,2685252567.64829
4,4,46,091,OKALOOSA,Okaloosa,FL,9076,212,240,955,1463,1324,1189,1285,963,792,610,43,0 to 119,47,5333,3650,93,8919,156,1,372,7295,137,1133,107,2368,6677,0,31,8889,2204,139,20,5,1252,1052,39,2343,29,81,432,501,369,307,276,185,109,76,3,0 to 103,38,1165,200,273,705,333,1169,841,190,3,108,1,0,20,2368,1064,1265,2342,25,1,21243,131,23770,21374,2368,20,2176,1745,,330553.159869224,2369222669.77759
5,5,7,013,CALHOUN,Calhoun,FL,792,11,19,81,87,117,112,132,109,82,42,0,0 to 99,52,466,312,14,792,0,0,27,479,4,218,9,254,538,0,0,792,238,16,0,0,150,104,0,254,2,6,30,31,25,34,37,32,33,24,0,1 to 99,54,196,18,17,23,14,211,29,37,0,25,0,0,7,254,104,150,254,0,0,1790,0,2049,1790,254,7,440,378,,192207.890040853,1487626834.63177
6,6,50,099,PALM BEACH,Palm Beach,FL,91223,1456,2476,8400,12493,11876,13117,14600,12238,8378,4562,1627,0 to 119,51,49426,41453,344,90300,921,2,5860,74624,465,18891,549,30325,60518,169,211,89925,29778,265,276,6,15327,14602,114,30043,496,1132,4442,5746,4993,4621,3832,2284,1544,1206,29,0 to 106,41,11041,4633,4630,9739,8365,10923,10755,3352,42,2447,27,15,755,30325,14746,15460,30041,282,2,207104,635,238576,207739,30325,755,8261,7996,,464192.45985372,5710098601.43288
7,7,56,111,ST. LUCIE,St. Lucie,FL,14371,244,403,1224,1930,1951,2241,2352,2009,1281,698,38,0 to 119,51,8289,5808,274,14220,151,0,935,11070,188,3089,104,4401,9743,5,222,13993,4271,110,20,0,2379,1950,52,4381,80,186,593,781,722,707,566,393,219,148,6,0 to 104,42,1349,847,512,1673,818,1547,2016,380,2,283,2,1,97,4401,1961,2388,4381,20,0,31933,130,36510,32063,4401,97,2793,2778,,252832.323358595,1499679486.77785
8,8,51,101,PASCO,Pasco,FL,19324,363,517,1905,2617,2739,3072,3154,2640,1593,694,30,0 to 119,49,10936,8299,89,19231,93,0,1144,15166,223,4068,193,5803,13462,2,57,19172,5652,123,27,1,2973,2763,39,5775,89,173,904,1049,929,917,739,529,306,166,2,0 to 105,42,3350,373,680,1372,1041,2948,1786,648,9,420,4,1,69,5803,2777,2987,5775,28,0,52128,65,58034,52193,5803,69,3790,3238,,225211.500690868,1975344275.1952
9,9,20,039,GADSDEN,Gadsden,FL,3823,83,173,368,646,646,642,560,437,172,92,4,0 to 119,44,2496,1309,18,3802,20,1,104,3177,46,697,26,1188,2633,1,1,3801,1129,52,7,0,679,493,9,1181,30,77,169,219,218,195,132,80,45,21,2,0 to 98,39,307,395,86,393,198,528,455,180,0,97,0,0,13,1188,493,686,1180,7,1,8619,13,9855,8632,1188,13,712,517,,205127.330965142,1367889846.53107
10,10,37,073,LEON,Leon,FL,16250,250,466,2733,2760,2306,2334,2419,1852,721,365,44,0 to 119,43,8474,7630,146,15980,269,1,659,13973,201,1943,132,3760,12460,2,28,15951,3644,48,65,3,1950,1714,28,3692,48,153,1360,744,456,405,344,156,54,28,12,0 to 105,28,1055,1115,256,1266,252,1658,1782,260,14,99,11,7,13,3760,1748,1984,3691,68,1,46037,200,50098,46237,3760,13,1695,1279,,246081.909782739,1817477697.83523
11,11,33,065,JEFFERSON,Jefferson,FL,739,19,17,50,74,103,109,141,134,70,21,1,0 to 101,54,416,319,4,732,7,0,25,560,41,201,13,174,564,0,1,731,128,42,4,0,78,92,0,170,4,3,23,26,27,30,27,18,8,8,0,0 to 95,47,76,76,11,7,12,146,12,27,2,21,0,0,5,174,95,79,170,4,0,1897,3,2076,1900,174,5,175,137,,228391.565626802,1581350101.41822
12,12,40,079,MADISON,Madison,FL,1587,78,86,175,198,208,232,220,209,118,57,6,0 to 99,47,983,598,6,1559,28,0,68,995,53,680,40,526,1059,0,2,1557,323,194,9,0,302,214,1,517,29,38,74,78,74,91,70,39,14,19,0,0 to 98,40,126,350,29,12,31,445,41,95,0,24,0,1,6,526,216,309,517,9,0,3969,19,4529,3988,526,6,685,585,,219176.198593348,1853116752.58642
13,13,39,077,LIBERTY,Liberty,FL,2363,6,14,199,712,577,422,285,101,32,7,8,0 to 105,38,247,2109,7,2363,0,0,7,2014,1,174,6,335,2028,0,0,2363,331,4,0,0,48,286,1,335,2,5,48,78,65,74,50,10,2,1,0,0 to 85,40,202,108,10,15,16,222,97,13,0,5,0,0,2,335,286,48,335,0,0,2601,0,2937,2601,335,2,239,214,,308797.501666624,2183538741.05164
14,14,24,047,HAMILTON,Hamilton,FL,2234,33,53,214,576,443,349,259,182,78,44,3,0 to 118,40,589,1627,18,2226,8,0,64,1905,9,547,12,557,1676,0,1,2225,492,60,4,1,200,352,0,552,22,36,84,128,94,86,64,28,12,3,0,0 to 90,35,235,273,36,8,89,310,153,77,1,18,0,0,2,557,355,202,552,5,0,3234,3,3796,3237,557,2,47,45,,232510.620544678,1344926537.75858
15,15,3,005,BAY,Bay,FL,5984,74,85,646,979,930,1005,967,654,373,216,55,0 to 119,47,3133,2793,58,5907,77,0,466,4843,28,1534,116,2972,3006,0,6,5901,2778,136,56,2,1408,1495,11,2914,40,53,465,630,536,505,372,230,102,39,0,0 to 98,40,1627,302,143,842,279,1603,1032,234,10,94,4,4,15,2972,1528,1433,2914,58,0,17949,25,20976,17974,2972,15,201,194,,558412.991762262,1930770661.16329
16,16,12,023,COLUMBIA,Columbia,FL,5258,115,152,416,744,827,801,944,693,341,215,10,0 to 119,49,2337,2843,78,5238,20,0,458,3193,63,1978,20,2122,3131,0,5,5233,1947,168,5,2,524,1587,4,2115,38,61,207,389,444,389,319,172,73,29,1,0 to 99,43,686,348,90,991,91,850,1174,17,0,86,0,0,10,2122,1593,525,2115,7,0,9205,13,11386,9218,2122,10,50,48,,276060.431237253,2068684690.018
17,17,2,003,BAKER,Baker,FL,1195,38,25,148,188,184,185,188,122,81,34,2,0 to 99,46,669,503,23,1136,59,0,103,879,16,316,7,300,885,0,10,1126,219,81,0,0,147,151,2,300,4,8,47,51,57,44,44,21,20,4,0,1 to 97,41,198,54,28,20,9,258,33,41,0,25,0,0,4,300,151,147,300,0,0,3620,58,3979,3678,300,4,350,349,,183737.354937135,1520245937.88174
18,18,30,059,HOLMES,Holmes,FL,1180,18,31,113,177,169,201,191,172,79,28,1,0 to 119,49,574,591,15,1162,18,0,35,806,5,326,34,375,804,0,1,1161,313,53,6,3,108,257,1,366,4,7,50,87,74,68,41,25,13,6,0,1 to 93,39,226,81,27,32,20,277,69,19,0,9,0,0,1,375,260,114,366,9,0,3385,9,3778,3394,375,1,385,379,,175658.620726882,1251550191.65068
19,19,43,085,MARTIN,Martin,FL,9682,204,328,888,1119,1213,1275,1581,1518,1070,463,23,0 to 100,53,4832,4436,414,9580,102,0,756,6806,82,2938,98,3420,6216,1,45,9535,3380,19,21,0,1617,1762,20,3399,103,199,546,595,577,525,359,227,168,118,3,0 to 99,39,1408,185,976,830,1698,1065,636,525,4,294,3,1,64,3420,1775,1625,3399,21,0,19810,78,23341,19888,3420,64,1743,1732,,308980.487872728,1686613016.48696
20,20,29,057,HILLSBOROUGH,Hillsborough,FL,76810,1773,2610,8702,13082,11492,11777,11619,8533,4551,2115,556,0 to 119,45,42906,33415,489,76348,462,0,2704,67071,458,7624,407,27077,49545,22,166,76160,26465,492,117,3,14231,12509,217,26957,569,1183,4730,5925,4319,4004,2972,1580,878,473,444,0 to 104,36,8646,3402,3247,11662,6111,7576,13270,2070,15,1148,11,4,295,27077,12559,14301,26957,120,0,178972,341,206688,179313,27077,295,5531,5184,,358788.306805131,2746844885.21704
21,21,41,081,MANATEE,Manatee,FL,21994,416,765,2018,2621,2646,2969,3690,3678,2249,834,108,0 to 119,53,12183,9434,377,21673,321,0,1568,18609,177,3570,62,7859,14126,3,6,21664,7704,70,85,0,4002,3638,134,7774,181,488,1268,1401,1282,1160,956,570,365,183,5,0 to 101,39,3064,636,761,3313,1692,2191,3891,350,6,473,4,2,154,7859,3677,4044,7774,85,0,66027,234,74161,66261,7859,154,563,465,,371198.171766947,1945653927.30716
22,22,10,019,CLAY,Clay,FL,10517,158,319,1036,1321,1509,1731,1759,1473,840,350,21,0 to 101,50,6002,4396,119,10490,27,0,557,8576,130,1651,96,2538,7963,1,15,10474,2409,120,9,0,1394,1127,8,2529,22,89,410,400,398,423,345,238,133,80,0,0 to 100,43,1189,422,200,718,236,1496,797,364,0,171,0,0,47,2538,1131,1399,2529,9,0,27577,18,30149,27595,2538,47,1542,1509,,183856.484290484,1667659895.64167
23,23,25,049,HARDEE,Hardee,FL,1765,61,163,282,328,227,227,206,162,80,29,0,0 to 94,36,951,789,25,1757,8,0,70,709,2,972,16,781,983,1,0,1756,529,246,5,1,394,376,5,775,24,82,143,162,110,102,71,56,24,7,0,0 to 93,33,575,74,92,34,529,210,36,116,3,63,3,1,5,781,380,396,775,6,0,3307,2,4093,3309,781,5,1359,1258,,165534.730035228,1653184151.65935
24,24,42,083,MARION,Marion,FL,20265,265,466,1647,2544,2495,2891,3344,3461,2244,877,31,0 to 168,54,12187,8009,69,20232,33,0,5278,12184,177,5647,236,3426,16349,0,490,19744,3309,108,8,1,1860,1531,26,3417,56,117,504,617,575,503,475,311,194,70,4,0 to 99,41,1998,540,287,592,479,2090,848,531,4,324,0,0,49,3426,1532,1868,3417,9,0,35797,21,39272,35818,3426,49,1544,1379,,350920.191923651,4305055840.66227
25,25,64,127,VOLUSIA,Volusia,FL,25892,268,535,1983,3085,2954,3740,4990,4459,2426,1171,281,0 to 119,55,14460,10841,591,25762,130,0,1061,22478,230,3618,231,6240,19628,0,24,25739,5541,652,41,6,3287,2880,26,6193,86,227,977,1161,858,920,862,595,337,211,6,0 to 103,42,2599,798,1220,1576,949,3199,2045,744,7,446,5,0,99,6240,2903,3311,6193,47,0,56236,81,62624,56317,6240,99,2261,1639,,560414.73741211,3125661534.17112
26,26,15,029,DIXIE,Dixie,FL,1012,24,44,90,121,164,126,159,151,88,43,2,0 to 118,50,603,397,12,1012,0,0,39,743,6,219,6,230,782,0,0,1012,194,36,0,0,133,95,2,230,0,13,27,35,32,27,32,33,24,6,1,6 to 91,47,166,19,3,42,2,173,55,33,0,22,0,0,4,230,95,133,230,0,0,2020,0,2253,2020,230,4,342,287,,235232.973034641,1823798262.25437
27,27,35,069,LAKE,Lake,FL,19062,307,398,1411,2096,2071,2494,3004,3160,2188,720,1213,0 to 103,55,10106,8018,938,18908,154,0,282,17559,222,1087,111,4090,14930,0,42,18868,3998,60,32,0,2089,1907,62,4058,74,144,641,765,638,631,552,354,219,64,8,0 to 103,41,1149,456,601,1852,488,1421,2149,294,12,185,5,1,39,4090,1925,2103,4058,32,0,51678,120,55946,51798,4090,39,1338,1047,,331014.24194621,2995995462.53696
28,28,38,075,LEVY,Levy,FL,2143,42,57,232,274,233,307,403,303,206,84,2,0 to 118,52,1229,897,17,2139,4,0,81,1564,16,567,10,462,1681,0,0,2139,421,38,0,3,216,241,2,459,8,19,86,78,59,72,70,39,21,9,1,0 to 99,41,185,53,124,97,149,202,108,45,0,26,0,0,2,462,243,217,459,3,0,4824,1,5295,4825,462,2,597,547,,339394.964246957,2900663691.0233
29,29,60,119,SUMTER,Sumter,FL,4695,39,52,163,236,257,383,629,1630,1055,166,85,0 to 119,68,2356,2170,169,4615,80,0,290,3799,164,838,88,992,3659,0,44,4571,904,80,7,1,446,534,4,984,1,21,71,66,102,126,139,259,165,42,0,4 to 99,63,576,148,49,211,52,693,239,222,1,137,0,0,25,992,537,451,984,8,0,14413,72,15491,14485,992,25,500,488,,229328.389175457,1502516062.67881
30,30,59,117,SEMINOLE,Seminole,FL,22223,322,572,2460,3209,3060,3411,3421,2821,1387,707,853,0 to 119,48,12447,9564,212,22167,56,0,792,19410,246,1944,134,6034,16148,1,40,22128,5944,66,24,0,3185,2749,76,6010,97,178,1243,1248,891,890,644,396,237,205,5,0 to 104,37,2294,619,645,2452,710,1736,3564,552,5,342,1,0,66,6034,2759,3196,6010,24,0,53764,30,59891,53794,6034,66,2015,1772,,158549.770434375,893350621.25255
31,31,48,095,ORANGE,Orange,FL,86743,1518,2132,9535,15025,13500,13471,12692,8591,4091,1590,4598,0 to 120,44,46630,39486,627,85418,1324,1,1952,80640,585,6452,471,26980,59392,0,371,85049,26479,136,360,5,13264,13038,313,26615,407,700,5135,6749,4750,3944,2859,1395,707,310,24,0 to 106,35,5852,3468,4088,13207,3575,5199,17841,1393,51,729,40,5,173,26980,13231,13429,26614,365,1,208799,957,237001,209756,26980,173,2825,2597,,275135.911424801,2601855780.95403
32,32,9,017,CITRUS,Citrus,FL,5277,56,120,400,557,509,669,957,1066,711,224,8,0 to 222,58,2948,2176,153,5268,9,0,253,3833,119,1027,40,1083,4182,1,11,5257,640,441,2,0,544,534,3,1081,12,30,160,143,123,165,198,130,87,35,0,0 to 100,50,832,74,70,105,58,859,164,74,0,99,0,0,20,1083,535,545,1081,2,0,14767,6,15866,14773,1083,20,1896,1443,,242867.273870626,1565249379.6168
33,33,27,053,HERNANDO,Hernando,FL,5319,96,115,517,728,663,774,900,703,517,302,4,0 to 102,52,3171,2135,13,5291,28,0,457,3891,66,1600,55,1454,3863,1,1,5289,1189,251,12,2,788,652,0,1440,21,49,216,249,206,219,202,146,102,44,0,0 to 100,44,966,137,139,198,214,874,352,276,2,159,2,1,22,1454,656,798,1440,14,0,14729,14,16203,14743,1454,22,1621,1570,,200494.167130544,1259956856.05966
34,34,52,103,PINELLAS,Pinellas,FL,50188,540,903,4223,7030,6089,7271,9066,7722,4688,2566,90,0 to 120,53,28590,21455,143,49806,382,0,4099,40231,411,12715,498,15147,35017,1,23,49782,14844,190,106,7,8087,6879,68,15034,210,507,2288,3124,2092,2164,2077,1259,839,577,10,0 to 104,41,7095,2554,1069,4316,1409,8483,5142,1752,23,1316,20,2,373,15147,6939,8138,15034,113,0,135969,267,151495,136236,15147,373,1151,1059,,356104.408031244,758940582.264503
35,35,61,121,SUWANNEE,Suwannee,FL,2925,88,131,306,388,377,361,432,350,263,218,11,0 to 118,49,1782,1073,70,2908,17,0,109,2030,110,997,25,1013,1910,0,2,2906,857,139,14,3,558,430,8,996,35,79,162,141,161,137,111,80,69,37,1,0 to 102,40,511,142,198,145,310,501,185,158,2,83,0,0,27,1013,436,569,996,17,0,5428,0,6452,5428,1013,27,268,264,,223150.095783567,1792465815.82331
36,36,16,031,DUVAL,Duval,FL,65931,1059,1846,7410,11848,9931,10020,10618,7442,3736,1887,134,-6 to 119,45,35866,29298,767,65191,740,0,1670,58723,454,5226,253,19753,46047,11,120,65065,18128,1417,191,17,10190,9232,123,19545,263,771,3321,4689,3306,2883,2260,1286,612,353,9,0 to 102,37,4678,6237,1808,6822,1579,9189,8777,1033,27,566,14,5,139,19753,9346,10282,19545,208,0,164135,520,184617,164655,19753,139,4679,4565,,339628.980507729,2136692126.42784
37,37,34,067,LAFAYETTE,Lafayette,FL,413,8,4,49,55,43,43,50,57,58,45,1,0 to 119,56,259,146,8,413,0,0,13,340,0,42,1,83,330,0,0,413,76,7,0,0,44,37,2,83,3,4,9,18,5,13,14,11,3,3,0,1 to 98,47,45,14,13,11,13,58,12,19,0,7,0,0,0,83,37,44,83,0,0,729,0,815,729,83,0,58,58,,193229.837029271,1417838543.65398
38,38,23,045,GULF,Gulf,FL,899,17,44,79,98,99,156,173,143,70,20,0,0 to 94,52,507,389,3,837,62,0,56,596,1,202,21,241,658,0,0,837,229,3,9,0,128,104,0,232,4,14,34,30,37,50,41,26,4,1,0,1 to 89,45,138,80,4,10,16,200,16,52,2,13,2,0,0,241,111,130,232,9,0,2731,53,3029,2784,241,0,343,339,,258929.917596219,1469866107.21144
39,39,63,125,UNION,Union,FL,1359,15,31,95,97,134,165,439,294,74,15,0,0 to 118,58,396,957,6,1359,0,0,44,1165,4,215,5,212,1147,0,0,1359,146,66,0,0,73,139,0,212,4,8,35,27,23,26,57,28,3,1,0,0 to 89,50,138,48,6,20,7,172,33,22,0,15,0,0,4,212,139,73,212,0,0,2856,0,3069,2856,212,4,269,267,,128178.53834088,646977045.80043
40,40,4,007,BRADFORD,Bradford,FL,1678,32,42,160,214,199,251,314,198,158,104,6,0 to 118,52,1048,609,21,1676,2,0,83,1380,34,317,2,233,1444,0,1,1675,147,86,0,0,147,86,0,233,6,10,38,29,37,37,25,14,24,13,0,0 to 107,44,154,67,10,2,6,222,5,35,0,24,0,0,3,233,86,147,233,0,0,3562,2,3800,3564,233,3,480,448,,167178.838759021,776744616.633859
41,41,65,129,WAKULLA,Wakulla,FL,1822,24,54,164,242,280,318,328,245,124,42,1,0 to 102,50,912,901,9,1816,6,0,47,1264,13,550,27,507,1313,0,2,1814,467,36,3,1,167,335,1,503,3,14,65,97,104,95,83,27,15,4,0,2 to 86,42,295,132,29,47,35,401,67,52,0,22,0,0,1,507,337,169,503,4,0,6066,2,6610,6068,507,1,459,384,,279225.038936198,1579533632.27526
42,42,5,009,BREVARD,Brevard,FL,23855,297,461,1923,2666,2719,3347,4991,4294,2305,705,147,0 to 119,56,13372,10365,118,23829,26,0,1145,21038,107,3884,135,4966,18879,1,9,23819,4843,103,17,3,2600,2323,23,4946,51,125,947,909,716,714,677,403,241,182,1,0 to 105,40,2587,477,406,1476,673,2629,1644,692,6,349,3,0,64,4966,2332,2611,4946,20,0,69676,6,74706,69682,4966,64,1344,1286,,793218.333976833,2687643839.37023
43,43,53,105,POLK,Polk,FL,28767,668,1057,2974,4359,4219,4179,4165,3637,2220,955,334,0 to 119,47,15992,12456,319,28650,117,0,1414,23812,231,4745,206,11423,17306,1,37,28612,10155,1229,30,9,5951,5271,162,11384,216,558,1755,2227,2042,1673,1307,857,501,284,3,0 to 103,39,5088,1912,1003,3381,2692,4350,4342,1350,11,934,8,1,217,11423,5286,5975,11384,39,0,71106,75,82670,71181,11423,217,3651,3081,,388118.956454854,5206715918.03712
44,44,49,097,OSCEOLA,Osceola,FL,20317,265,680,2026,3327,3258,3424,3005,2179,1079,398,676,0 to 155,45,11073,9056,188,20209,108,0,1840,16078,390,2967,230,7614,12628,2,73,20135,7481,53,78,2,3861,3554,119,7534,98,293,1137,1646,1420,1333,811,509,267,96,4,0 to 102,39,2112,352,1977,3093,2663,1098,3773,607,10,303,8,2,51,7614,3607,3885,7534,80,0,45982,27,53749,46009,7614,51,2571,2060,,350452.549537174,3899316050.08443
45,45,28,055,HIGHLANDS,Highlands,FL,4734,83,108,291,547,477,571,731,805,708,393,20,0 to 119,59,2785,1913,36,4667,67,0,149,3910,47,828,41,1039,3687,0,8,4659,933,102,4,0,541,491,3,1035,20,38,118,169,145,153,160,104,95,37,0,0 to 96,47,559,182,147,147,284,547,204,217,2,124,1,0,22,1039,495,541,1035,4,0,12928,63,14038,12991,1039,22,1080,966,,296636.7186791,2866885704.93749
46,46,36,071,LEE,Lee,FL,38065,525,837,3782,5297,5179,5551,5953,5593,3611,1673,64,0 to 119,51,21312,16400,353,36921,1143,1,1349,32360,613,7075,227,14415,23627,2,21,36899,13608,534,267,6,7367,6585,190,14142,250,485,2279,2718,2352,2280,1782,1107,681,472,9,0 to 101,41,5821,1310,537,6474,3194,4241,6707,1642,18,885,15,6,258,14415,6725,7493,14141,273,1,86799,869,102115,87668,14415,258,3528,1926,,583283.842076836,2112333668.31902
47,47,11,021,COLLIER,Collier,FL,22489,554,943,2555,2875,3031,3114,3183,3118,2299,778,39,0 to 105,49,11933,10396,160,22109,380,0,1100,16723,356,5500,211,8795,13523,3,168,21938,8313,381,85,16,4403,4253,38,8694,235,462,1539,1474,1498,1387,1053,598,380,168,1,0 to 101,39,4109,494,742,3349,3445,1938,3311,951,22,600,12,6,117,8795,4310,4442,8694,101,0,46432,279,55567,46711,8795,117,5428,4447,,580181.883908061,5197102107.44428
48,48,13,025,DADE,Dade,FL,239488,3024,5248,23142,41044,39147,43282,38235,24477,13642,7510,737,0 to 225,46,123893,113965,1630,237656,1831,1,6876,211890,2785,26276,1115,104755,134428,91,214,237353,102591,1295,860,9,52267,50991,628,103886,1455,3036,13209,20173,17813,18817,14526,8269,4642,2681,134,0 to 108,43,35734,9771,6719,51662,39252,12284,52350,9864,61,5155,33,16,1388,104755,51419,52645,103885,869,1,462558,952,569554,463510,104755,1388,8865,8126,,540836.794034817,5114451080.02838
49,49,44,087,MONROE,Monroe,FL,5083,82,116,406,733,723,866,997,714,333,111,2,0 to 101,50,2617,2444,22,4988,95,0,1447,2453,83,1302,146,1126,3923,0,34,4956,1074,26,21,5,510,587,3,1100,26,41,136,222,192,199,142,105,48,15,0,0 to 100,42,585,41,30,444,313,337,450,158,6,66,5,1,6,1126,603,520,1100,26,0,9716,66,10916,9782,1126,6,2099,1822,,1399292.97541611,2629619858.22699
50,50,57,113,SANTA ROSA,Santa Rosa,FL,9482,288,398,1151,1319,1319,1441,1472,1196,620,268,10,0 to 119,47,5116,4312,54,9404,78,0,397,7348,99,1631,154,2507,6970,0,5,9399,2418,72,17,0,1199,1265,26,2490,44,91,585,424,350,386,317,175,89,46,0,0 to 101,38,1445,153,123,769,61,1590,839,115,0,145,1,0,19,2507,1270,1211,2490,17,0,20307,60,22893,20367,2507,19,2902,2358,,364280.718275365,2596863922.02037
51,51,66,131,WALTON,Walton,FL,2682,62,83,357,357,382,391,422,302,184,139,3,0 to 104,47,1418,1229,35,2538,144,0,114,2207,15,1012,117,1057,1624,0,1,2537,938,26,90,3,463,499,2,964,14,41,247,174,174,142,148,60,44,13,0,0 to 104,38,773,55,29,107,199,665,100,111,12,49,2,0,12,1057,540,515,964,93,0,6875,52,8019,6927,1057,12,511,456,,370154.781692759,2708101781.02772
52,52,32,063,JACKSON,Jackson,FL,4137,51,90,390,709,702,707,604,402,286,189,7,0 to 105,46,1813,2237,87,4109,28,0,23,3051,19,951,43,1266,2866,1,4,4104,1202,50,13,1,432,807,13,1252,12,36,135,248,238,230,161,96,59,50,1,0 to 100,43,544,288,48,372,49,581,622,128,2,81,0,0,18,1266,814,438,1252,14,0,7677,14,8969,7691,1266,18,1011,812,,223828.324152387,2452499073.43971
53,53,67,133,WASHINGTON,Washington,FL,1316,19,37,122,157,166,212,261,163,120,59,0,0 to 119,53,757,519,40,1307,9,0,46,920,9,404,15,433,878,0,5,1302,359,69,5,0,217,188,23,428,5,16,59,64,54,68,71,48,36,12,0,0 to 99,48,197,70,14,147,4,255,169,31,0,30,0,0,13,433,190,220,428,5,0,3292,4,3731,3296,433,13,374,316,,243766.073344202,1594396648.48357
54,54,45,089,NASSAU,Nassau,FL,4295,61,99,432,486,531,614,773,691,417,187,4,0 to 103,53,2335,1813,147,4149,146,0,188,3391,28,610,98,941,3334,0,20,4131,866,29,44,2,451,443,1,895,14,25,192,142,149,146,131,89,34,19,0,0 to 95,41,548,91,47,209,40,627,228,123,1,51,0,0,8,941,462,478,895,46,0,11924,98,12981,12022,941,8,1059,1053,,388721.738633484,1641620661.92009
55,55,22,043,GLADES,Glades,FL,563,9,17,59,121,138,83,63,37,29,6,1,0 to 90,39,201,361,1,563,0,0,56,340,3,354,0,385,178,0,0,563,383,2,0,0,99,286,0,385,6,5,41,97,113,64,43,10,4,2,0,0 to 89,38,275,59,13,38,157,177,51,38,0,25,0,0,3,385,286,99,385,0,0,672,0,1058,672,385,3,206,147,,236757.936482552,2551976411.00316
56,56,8,015,CHARLOTTE,Charlotte,FL,6643,73,73,404,602,657,928,1260,1225,829,584,8,0 to 119,59,3823,2742,78,6621,22,0,443,5423,62,1198,31,1683,4954,1,5,6615,1472,205,5,1,877,775,25,1677,17,29,184,195,167,229,298,247,172,144,1,0 to 101,55,1167,89,79,342,117,1161,399,190,1,213,1,0,82,1683,776,881,1677,6,0,19339,16,21050,19355,1683,82,234,215,,398247.923014768,1825525430.23837
57,57,58,115,SARASOTA,Sarasota,FL,17685,207,339,1421,1995,1888,2301,3021,3183,2210,1067,53,0 to 119,57,9765,7682,238,17413,272,0,734,15800,190,2266,113,5103,12552,1,29,17387,4977,74,46,6,2618,2320,113,5051,58,160,805,907,745,723,644,489,341,219,12,0 to 104,42,2019,286,367,2379,424,1741,2886,351,18,320,12,2,113,5103,2350,2640,5051,52,0,59044,215,64399,59259,5103,113,973,867,,264158.506342173,1509311883.7587
58,58,14,027,DESOTO,Desoto,FL,3345,93,193,335,506,512,569,572,322,167,72,4,0 to 102,45,1381,1844,120,3334,11,0,146,2200,48,1160,19,1172,2167,0,6,3328,1041,130,1,0,488,679,4,1171,39,108,159,234,221,176,137,69,19,10,0,0 to 97,36,738,118,65,250,621,275,275,174,0,92,0,0,14,1172,679,489,1171,1,0,7591,10,8787,7601,1172,14,1240,1105,,168390.780828628,1654926851.2217
59,59,18,035,FLAGLER,Flagler,FL,4630,65,72,302,484,554,658,870,865,523,230,7,0 to 119,57,2682,1895,53,4591,39,0,248,3834,37,621,60,801,3825,0,4,4587,681,111,9,0,427,360,5,792,13,27,108,119,97,121,129,117,52,17,1,0 to 94,48,453,115,132,92,109,568,115,118,4,68,2,1,8,801,365,431,792,9,0,12029,30,12877,12059,801,8,931,896,,220559.839313198,1294754947.70016
60,60,26,051,HENDRY,Hendry,FL,3426,123,183,494,619,553,492,434,246,162,113,7,0 to 104,40,1687,1726,13,3424,2,0,353,1764,32,1426,16,1512,1912,0,2,3422,1466,46,0,0,665,844,3,1512,47,88,246,314,271,235,152,82,49,28,0,0 to 101,37,1201,167,47,97,1019,408,85,242,0,137,0,0,33,1512,844,665,1512,0,0,5954,2,7484,5956,1512,33,2066,1639,,290231.155176723,3080878042.90139
61,61,31,061,INDIAN RIVER,Indian River,FL,7615,107,198,706,824,803,965,1155,1237,903,702,15,0 to 119,56,4557,3001,57,7544,71,0,318,5791,77,1784,90,1974,5594,1,46,7499,1944,17,11,2,1049,879,33,1961,35,104,335,325,280,274,210,161,134,116,0,0 to 99,41,793,176,200,792,334,680,947,230,6,129,3,0,35,1974,887,1054,1961,13,0,21279,56,23318,21335,1974,35,2010,1526,,234087.653170217,1319798862.76252
62,62,6,011,BROWARD,Broward,FL,140004,3152,4853,13213,22444,22256,23664,23431,15050,7793,3930,218,0 to 119,46,75316,63143,1545,138272,1732,0,6314,110292,2336,28789,1186,49350,90499,26,129,138120,46498,2370,447,35,25250,23371,247,48868,1046,2444,7197,9822,8682,8058,6470,3195,1606,807,23,0 to 102,39,17067,12741,4071,14989,15947,18379,14542,5866,86,3038,66,25,605,49350,23677,25414,48868,482,0,312520,1234,363584,313754,49350,605,20125,19756,,291881.846411049,3142374055.80237
63,63,17,033,ESCAMBIA,Escambia,FL,23466,526,683,2615,3500,2872,3119,3978,3224,1843,1033,73,0 to 119,50,13751,9513,202,20127,3339,0,870,20762,183,2527,153,7018,16428,2,18,20107,6149,87,782,0,3367,2713,156,6236,86,253,1363,1389,997,865,877,573,398,217,0,0 to 105,37,2410,1596,310,1920,200,3844,2192,624,5,351,6,5,80,7018,3039,3823,6236,782,0,50907,2516,60474,53423,7018,80,1122,1042,,439974.169186441,1767890299.48396
64,64,47,093,OKEECHOBEE,Okeechobee,FL,2353,58,120,351,323,298,293,341,219,194,145,11,0 to 119,45,1306,1027,20,2341,12,0,216,1521,2,668,16,812,1539,0,2,2339,751,57,4,0,392,414,2,808,29,74,149,136,139,102,108,34,29,12,0,0 to 94,36,515,85,102,106,366,320,122,100,0,69,2,0,2,812,415,395,808,4,0,4920,8,5751,4928,812,2,877,796,,272539.676296022,2307690906.29537
65,65,19,037,FRANKLIN,Franklin,FL,620,5,14,44,51,52,76,142,138,79,19,0,0 to 95,60,362,257,1,615,5,0,16,492,0,91,16,88,531,0,1,614,82,4,2,0,50,36,0,86,1,4,10,12,7,9,24,12,6,3,0,0 to 85,55,53,26,2,5,5,76,5,7,0,3,0,0,1,88,36,52,86,2,0,2204,3,2296,2207,88,1,127,126,,446544.245391042,1445840680.74936
66,66,1,001,ALACHUA,Alachua,FL,17865,252,308,2413,3426,2551,2481,2778,2019,969,600,68,0 to 119,44,10214,7509,142,17570,295,0,693,16385,61,1477,99,3144,14711,6,4,17560,2996,101,35,12,1652,1440,5,3097,44,106,911,738,377,356,299,194,80,36,3,0 to 103,30,1055,813,405,824,420,1753,924,245,10,128,11,1,20,3144,1467,1671,3097,47,0,59356,246,62766,59602,3144,20,211,189,,272135.471805814,2510756491.00577
67,67,55,109,ST. JOHNS,St. Johns,FL,12981,179,377,1426,1469,1891,2156,2209,1840,970,445,19,0 to 119,50,7013,5797,171,12933,48,0,631,10490,208,2175,249,2929,10005,10,37,12887,2600,300,25,4,1431,1443,26,2900,33,89,683,429,416,468,430,215,111,53,2,0 to 100,40,1853,201,155,691,204,1863,833,234,4,144,5,0,19,2929,1457,1446,2900,29,0,32231,17,35210,32248,2929,19,2224,2184,,344848.248780424,1658206648.37133
69,68,999,999,Unknown,Unknown,FL,1733,9,16,140,233,239,248,213,150,215,263,7,0 to 120,53,1095,608,30,247,1486,0,4,1674,0,25,16,489,1244,0,0,247,113,0,372,4,47,55,11,113,9,14,84,110,87,84,53,20,11,12,5,0 to 82,34,25,17,7,64,39,13,61,0,4,0,2,1,0,489,242,224,113,376,0,3195,1104,4820,4299,489,0,1723,1721,,0,0
70,69,998,998,A State,State,FL,1268214,21330,34360,125702,193412,182531,197539,204758,158755,92283,45093,12451,-6 to 225,48,688179,567646,12389,1250909,17297,8,60003,1061805,0,199172,9122,423855,841117,371,2871,1247709,404558,14286,4818,193,213942,201615,3287,418844,7043,15837,65957,84005,69767,67120,53686,31215,18014,10433,778,0 to 120,40,157029,61585,40430,159800,105004,134875,178965,40974,536,24064,357,118,5854,423855,204135,216305,418836,5011,8,2950489,12159,3391133,2962648,423855,5854,125208,112248,,0,0
